movieId,title
4481,Manon of the Spring
96683,Lewis Black: In God We Rust
165027,Light Gradient
168228,Some Call It Loving
2114,Final Fantasy: The Spirits Within
70423,CrissCross
1734,The Mummy Returns
2160,Voyage to the Bottom of the Sea
957,Spaceballs
3077,Son of Frankenstein
1874,Goodbye Bafana
55253,The Machine
127445,Rain
96935,The Naked Maja
32617,Bite the Bullet
45512,Pocket Money
7278,Meet the Spartans
670,Oldboy
39231,Man's Favorite Sport?
99758,Swerve
5654,War and Peace
111460,"Elmer, The Great"
582,The Lives of Others
82667,Five Bloody Graves
84283,I Am Not a Hipster
31647,A Nymphoid Barbarian in Dinosaur Hell
7913,Rang De Basanti
787,Mr. & Mrs. Smith
5879,In the Realm of the Senses
116853,The Bling Ring
133137,Dead Creatures
8845,Under Siege
66,Absolute Power
27834,CQ
36931,On the Edge
137315,Every Blessed Day
1593,Night at the Museum
142507,Exit
7096,Merlin
2923,B. Monkey
1365,Monster's Ball
563,Starship Troopers
465,Junior Size 36
69559,Dead Times
46595,The Great Ecstasy of Woodcarver Steiner
138022,Blood in the Face
26686,California Suite
41025,Gargoyles
705,All About Eve
26873,To The Stars By Hard Ways
61991,Impudent Girl
27176,"The Prize Winner of Defiance, Ohio"
91795,Neo Ned
56167,The Golden Coach
3592,One Million B.C.
142064,"It's A Bird, It's A Plane, It's Superman!"
135362,The chosen
31340,The New Protocol
26116,The Mechanik
8741,The Thin Red Line
1248,Hannibal Rising
47559,The First Grader
45186,Big Bad Mama
105254,The Touch
26172,Messenger of Death
141010,And the Crows Will Dig Your Grave
26372,Shame
383,Mala Noche
169090,På palmblad och rosor
118716,The Day Mars Invaded Earth
57276,Pina
976,Sweet Smell of Success
1573,Die Hard 2
244,King Kong
84114,"Namu, the Killer Whale"
549,Basquiat
60046,Il vigile
108501,Parole Violators
73515,Mesmerized
3682,54
704,A Hard Day's Night
27092,Burnt Money
2325,Leningrad
163392,The War Between Men and Women
8905,Three Monkeys
27376,Muscle Beach Party
42783,Kissin' Cousins
3603,Black Sheep
32389,Logorama
50076,Confessions from a Holiday Camp
108316,The Alarmist
45726,Julie
79927,The Pope Must Die
2166,The Revengers' Comedies
5559,Bee Movie
31909,Invaders from Mars
99600,"Good Men, Good Women"
2082,Halloween
116746,Parisian Love
1551,Flatliners
160874,The Third Reich: The Rise & Fall
118236,The Great Manhunt
387,Das Boot
131880,Stonewall Uprising
980,The Ox-Bow Incident
147843,If Winter Comes
110548,Deadly Surveillance
40815,On Guard
71203,Agenda Grinding America Down
1735,The Mummy: Tomb of the Dragon Emperor
58937,Wittgenstein
58718,Siren
84730,"Csocsó, avagy éljen május elseje!"
1831,The Next Best Thing
27074,Oklahoma!
33624,Double zéro
2348,Holy Matrimony
159389,TalhotBlond
78,Blade Runner
110790,"Murder, He Says"
150056,Jesus liebt mich
134427,Downstairs
2103,Solaris
120268,Johanna d'Arc of Mongolia
96700,Birth of the Blues
790,The Fog
86664,Crazed Fruit
2692,The Red Elvis
2588,Chaotic Ana
4728,The Gendarme in New York
8267,The Pope's Toilet
1825,Over the Top
33801,Beyond the Door
48458,The Secret Glory
51617,This Happy Breed
6071,Kiss of Death
6524,Life Stinks
7392,"Ilsa, Harem Keeper of the Oil Sheiks"
37744,Rocketship X-M
77680,El robobo de la jojoya
31598,Q & A
316,Grill Point
1687,Escape from the Planet of the Apes
772,Home Alone 2: Lost in New York
1993,Golden Door
1975,The Grudge 2
53883,Anjathe
56801,Judex
78174,Van Gogh: Brush with Genius
58207,If Tomorrow Comes
872,Singin' in the Rain
169782,The Making of a Lady
4887,Takva: A Man's Fear of God
84479,The Invader
26388,Buried
154339,Falling Cat
3003,The Lost World
132936,Wheelmen
5722,Beyond the Valley of the Dolls
27450,Chicago Joe and the Showgirl
8834,Conspiracy Theory
4547,Panic Room
82529,Combat Girls
948,Halloween
290,Barton Fink
8669,Charlie Bartlett
44864,The Magic Flute
19,Metropolis
1579,Apocalypto
3563,I Now Pronounce You Chuck & Larry
80844,The Other Side of Midnight
159121,Paulette
82567,Sujata
31162,Black Lightning
503,Poseidon
153820,The Girl from Nowhere
81111,Born to Be Bad
72720,Hot Wheels Acceleracers: Ignition
108003,Call Me Bwana
51935,House of Boys
72852,Hadewijch
100042,Dumb and Dumber To
4836,Layer Cake
140443,The Girl
5137,Sky Captain and the World of Tomorrow
1970,The Grudge
33762,Band of the Hand
41518,Guzaarish
4641,Read It and Weep
32139,Soccer Dog: The Movie
167364,Turf
25787,One Girl's Confession
168300,Jubilation Street
2069,The Whole Nine Yards
31770,"Hello, Frisco, Hello"
1922,Irina Palm
85330,Out At The Wedding
132144,The Battle of Chile - Part I
47980,Jesus Christ Superstar
54229,Cold Trail
861,Total Recall
7840,"10,000 BC"
8932,Salt of This Sea
120122,Vesna Goes Fast
4369,Just a Question of Love
25950,Mysterious Island
2993,One on Top of the Other
98085,Operation Kid Brother
48522,The Periwig-Maker
46430,Jodi No.1
86576,Paap
2459,An Elephant Can Be Extremely Deceptive
27018,Australian Rules
2200,Jacob the Liar
136698,Underground: The Julian Assange Story
159153,Running from Crazy
4614,The Sum of All Fears
71189,"Where Angels Go, Trouble Follows"
47962,Dirkie - Lost in the Desert
4643,The Guardian
143747,"$1,000 on the Black"
46409,MP3: Mera Pehla Pehla Pyaar
26009,Scandal Sheet
3293,Pirates of Silicon Valley
1024,Heavenly Creatures
3050,Doctor Dolittle
757,Murder Most Foul
671,Harry Potter and the Philosopher's Stone
166798,Pathetic Fallacy
1884,The Ewok Adventure
34528,The Human Condition II: Road to Eternity
4952,Pillow Talk
5473,De Dominee
27721,In Bar
89056,Double Game
7461,Vantage Point
1936,River of No Return
31694,Trouble in Mind
2668,Sleepy Hollow
833,Umberto D.
637,Life Is Beautiful
37335,Bolero: Dance of Life
117553,Calendar Girl
78701,Kisna: The Warrior Poet
26225,Ash Wednesday
160118,Child's Pose
97936,Sweet November
60389,The Cook
4253,Hum Tum
168112,Eskil & Trinidad
31337,Contact High
501,Grizzly Man
126004,Five
54580,Mondays in the Sun
26467,The Climb
1824,50 First Dates
58156,Pure
398,Capote
88518,Angel of Destruction
89126,Harlan: In the Shadow of Jew Süss
80054,Primrose Path
226,Boys Don't Cry
163907,The Villain
129847,Deep West
117464,Wer's glaubt wird selig
95752,The Other Side of the Mountain: Part II
78132,For the Matches
25904,Marketa Lazarová
4689,Sympathy for Mr. Vengeance
2140,Kiss of the Dragon
36527,Phar Lap
31664,Mexican Hayride
42341,Suspect X
150202,The Haunting in Connecticut 2: Ghosts of Georgia
1998,Holy Lola
8892,A Christmas Tale
49060,Tempo
607,Men in Black
112083,Bright Lights
80831,Sang Pemimpi
38,Eternal Sunshine of the Spotless Mind
287,Bull Durham
5804,The Key to Reserva (La clave Reserva)
84228,Julia X
125313,The Outskirts
635,Angel Heart
46869,Love on the Side
32728,Before Stonewall
149725,Wild Women
142758,Deadly Renovations
86455,"The Cartoonist: Jeff Smith, BONE and the Changing Face of Comics"
150004,Taken
26269,Twilight
158382,Hotel Hell Vacation
143277,The Hoodlum
143049,Adult World
2925,The First Wives Club
71184,When Love Is Not Enough: The Lois Wilson Story
37545,Morning of the Earth
26199,The Liquidator
6,Judgment Night
158711,The Human Family Tree
120942,Teri Meri Kahaani
1958,8 Women
109455,Little Girl
176037,Supermarket
70008,Tactical Force
1052,Blow-Up
54075,Choose
4965,Impostor
1568,Carne
2084,Birthday Girl
26,Walk on Water
172535,The Trials of Oscar Wilde
93,Anatomy of a Murder
4169,Breach
8672,My Best Fiend
100529,Lola Versus
1950,Lucky You
502,Fail-Safe
1667,March of the Penguins
26389,From Paris with Love
74727,Long Pigs
2860,Claire's Knee
63590,Hospital Massacre
26851,The Atomic Cafe
638,Lost Highway
650,Boyz n the Hood
8488,Hitch
8902,Linha de Passe
3432,Mr. Brooks
30977,The Adventures of Tom Sawyer
50183,The Ascent
2017,No Good Deed
1523,The Last King of Scotland
2010,The Mourning Forest
4564,Sex and the City
105184,Trance
1360,Frida
71503,Cries in the Night
64983,Barocco
137008,small roads
967,Spartacus
2274,The Seeker: The Dark Is Rising
27865,The World According to Monsanto
83581,Some Voices
53574,Born to the West
160788,Color of the Ocean
2056,The Station Agent
8814,Doom
5646,Wild Gals of the Naked West
36683,20th Century Boys - Chapter 1: Beginning of the End
1574,Chicago
66659,Equalizer 2000
994,Straw Dogs
1073,Arlington Road
3031,Island of Lost Souls
1817,Phone Booth
490,The Seventh Seal
301,Rio Bravo
117452,Tony 10
32294,Mr. Blandings Builds His Dream House
2748,Journey to Italy
139349,The Premonition
73339,The Boys Club
44974,Kettle of Fish
25749,Children of the Corn III: Urban Harvest
7351,Julia
34158,The People Speak
105759,The Black Hole
6723,The Rookie
137484,New Year
1482,Laws of Gravity
2927,Moon 44
71933,"O-Bi, O-Ba: The End of Civilization"
26701,Humoresque
45899,Leila
4380,Shall We Dance?
8906,Cloud 9
1164,Babel
1609,There's Only One Jimmy Grimble
69169,Tattoo
756,Fantasia
48127,The North Star
64197,Travelling with Pets
151911,Blockade
2110,Wasabi
119569,Marvel One-Shot: Item 47
116973,Four Men and a Prayer
158013,White Fang and the Hunter
88950,'Gator Bait
1266,Street Kings
166888,The Condemned of Altona
92321,Hotarubi no Mori e
42152,From the Life of the Marionettes
59838,Critic's Choice
7347,Elite Squad
146916,Bus Riley's Back In Town
6715,The Cure
167960,Sanitarium
174759,The Sea Bat
79528,Secrets of the Tribe
3527,Don't Come Knocking
33564,The Swimmer
897,Aparajito
125413,Fear Strikes Out
77744,Kitty Foyle
128113,Key of Life
124829,The Line King: The Al Hirschfeld Story
39435,Cowboy
172747,Duel of Champions
121873,Hannah Arendt
25884,Feds
80677,The Law
62761,The Cars That Ate Paris
8960,Hancock
37257,Witness for the Prosecution
95375,"Young, Violent, Dangerous"
104374,Woman of the Lake
43267,29th Street
114371,Fist of the North Star: Legend of Toki
77468,Fourteen Sucks
49291,Time and Tide
1793,Max Dugan Returns
95004,The Guardsman
5552,Immortal
124993,Hindle Wakes
8941,Versailles
179,The Interpreter
108930,Jim Gaffigan: Beyond the Pale
152780,The Past
666,Central Station
996,Double Indemnity
105509,Angelina
119637,He Who Must Die
77332,Urbania
1902,Open Your Eyes
349,Cockles and Muscles
27378,Heart of Glass
94204,Meeting Evil
26954,Puppet Master II
112655,Idol of the Crowds
50583,Red Eagle
6282,Coyote Ugly
25903,Marie and Bruce
78534,How to Keep the Red Lamp Burning
115162,Chair de poule
4437,2010
84173,The Atomic States Of America
160718,I Spy Returns
250,In China They Eat Dogs
52279,The Dentist
98120,Piazza Fontana: The Italian Conspiracy
932,The Murderers Are Among Us
82465,Child's Play
75803,Catching Hell
110372,Descendents
3011,Good Neighbor Sam
82395,My Pet Monster
267,Live Flesh
745,The Sixth Sense
105388,Every Second Counts
59387,The Powerpuff Girls Movie
83330,The Catechism Cataclysm
100490,Scarlett
135200,Ex-Girlfriends
1990,Paranoid Park
98,Gladiator
60213,Corto Maltese: The Ballad of the Salt Sea
38294,Purely Belter
32387,Stick
106113,Don't Tell the Wife
273,The White Sound
3580,Changeling
173491,TINY: A Story About Living Small
110748,History of Postwar Japan as Told by a Bar Hostess
27703,The Psychic
40465,Chain Reaction
1495,Kingdom of Heaven
32930,Bill Maher: '...But I'm Not Wrong'
4494,Rapture
8584,Shanghai Noon
918,Blind Date
124623,I Know That Voice
41769,Prom Night IV: Deliver Us from Evil
7984,In the Name of the Father
107445,Lost in Siberia
44245,Triple Tap
169068,Dorfman
2086,Nick of Time
218,The Terminator
105906,A Man Called Magnum
4984,White Lightning
39931,Mark of the Devil
1396,Mirror
27644,Ride Lonesome
1832,Dogma
25934,"To Sir, with Love"
124029,A Million to Juan
8944,What Just Happened
68572,Possessed
2594,Monsieur Batignole
5927,Junior Bonner
47397,Anita
1596,Population 436
114464,Design of Death
64926,June Night
8904,Service
73,American History X
51991,Romantics Anonymous
713,The Piano
1645,A Time to Kill
2912,The Butcher
3019,Dr. Jekyll and Mr. Hyde
8927,Involuntary
2665,Airplane II: The Sequel
31658,Hour of the Gun
2787,Pitch Black
104462,A Terrible Night
82313,Shoot First And Pray You Live
3054,The Wrecking Crew
3073,Abbott and Costello Meet Frankenstein
564,The Mummy
6620,Sabrina
25936,Radio Day
673,Harry Potter and the Prisoner of Azkaban
43571,Rich and Poor
80713,Alone
154582,Artists Under the Big Top: Perplexed
145186,12 Wishes of Christmas
4885,Ten Little Indians
128437,Bullet for a Badman
26147,FC Venus
949,Heat
869,Planet of the Apes
138222,Best Man Down
27441,Countdown
4961,Mimic
31869,The Ascent of Money
88065,The Werewolf of Washington
8008,Mouth to Mouth
113757,Up in Arms
32834,MVP: Most Valuable Primate
79596,The Emperor's Nightingale
53569,No One Killed Jessica
8197,Midnight in the Garden of Good and Evil
118872,The Subject Was Roses
68339,Doctor at Sea
1624,Liar Liar
149180,Taste of Vengeance
6072,One Eight Seven
36247,Rebirth of Mothra III
987,The Front Page
48319,Joyride
130150,Labor Day
133469,The Dream Team
174671,Dark Touch
26744,Force of Evil
182,The Good German
8951,Don't Think About It
2460,Earth
2172,Pathfinder
4683,A Gorgeous Girl Like Me
119430,Owned & Operated
1213,The Talented Mr. Ripley
134360,Mickey's Orphans
133241,Mariachi Gringo
5241,Two Moon Junction
954,Mission: Impossible
4174,Spellbound
167658,My Stuff
1785,May Fools
124517,Emotion
4291,Kikujiro
4953,Be Kind Rewind
169158,Standoff
97648,My Favorite Blonde
4968,The Piano Player
93142,Man Without a Memory
2100,The Last Castle
2034,Training Day
4949,A Time for Killing
42721,Fighting Elegy
137654,Open Heart
26158,Around the World Under the Sea
91683,Edge of Sanity
41499,Bluebeard
32109,Carry On Spying
679,Aliens
34334,That Night
1676,Will Penny
26539,Frosty's Winter Wonderland
103413,Second Best
2899,Asterix & Obelix: Mission Cleopatra
101352,L'Antisémite
3076,Frankenstein Meets the Wolf Man
128508,Pretty Butterflies
171429,Black Indians: An American Story
97794,The Road
3989,Team America: World Police
118204,The Student
5708,Control
164013,"Dzhentlmeny, Udachi!"
66720,Special When Lit
4419,Les Misérables
99119,Our Paradise
48660,The Kindred
80806,Above and Beyond
64325,Cross
161512,Mission to Moscow
149094,Story of Night
27396,Brannigan
135204,Frank & Wendy
31804,The Road to Hong Kong
91266,Lioness
27223,Lost in America
58250,The Bucks County Massacre
129417,The Childhood of Maxim Gorky
58432,The Dark Hour
59995,Wild Tigers I Have Known
43936,S21: The Khmer Rouge Death Machine
86440,I'm Gonna Explode
167726,Love and Lemons
466,Klute
2180,Heartbreak Hotel
31026,Distant
2192,Temple of the White Elephant
526,Ladyhawke
99861,Avengers: Age of Ultron
123320,Canned Dreams
3405,Anyone Can Play
149170,A Nest of Gentry
158990,Wrong Cops
168864,GMO OMG
2259,The House of the Spirits
914,The Great Dictator
138496,Crawlspace
142656,Fountainhead
1776,Jesus Camp
2115,Light of Day
134569,The House
8965,Atlantis: Milo's Return
1439,Anna and the King
27786,Steel Dawn
26743,Thumbtanic
152635,The Assassination
37720,The Hiding Place
60579,Hey Ram
91873,Giliap
2357,10 Items or Less
80210,The Undefeated
78247,Night Terrors
427,Mon oncle
8769,Christine
91745,Romeo & Juliet
2654,In the Mouth of Madness
112672,Ambush at Cimarron Pass
4998,Import/Export
26941,Afterglow
130424,The Story of Three Loves
140814,Elliot Loves
805,Rosemary's Baby
96411,The Vulture
84442,Oxygen
2900,The Astronaut's Wife
2979,Return of the Ghostbusters
4868,Genghis Khan
2095,Desert Saints
95506,I Hate But Love
87790,Brotherhood of Death
3485,The Castle of Fu Manchu
86955,Body and Soul
2168,2:37
27847,Universal Soldier III: Unfinished Business
103688,Daydream Believers: The Monkees Story
1367,Rocky II
67314,Prey
30996,Splatter University
147621,The Mysterious X
172469,Love & Air Sex
1865,Pirates of the Caribbean: On Stranger Tides
96771,God's Gift To Women
79771,Chillerama
27658,Cockfighter
59,A History of Violence
117678,Dans la peau d'une grande
50379,One on One
6877,Failure to Launch
26125,The Defender
84777,Gimme an 'F'
272,Batman Begins
33988,The Pit and the Pendulum
59336,I Knew Her Well
152912,Mr. Blot in Space
27370,Paranormal Entity
6575,Walk Hard: The Dewey Cox Story
31353,Those Who Love Me Can Take the Train
134881,More of Me
65612,Keep Your Right Up
3013,Bloodline
2118,L.A. Confidential
105583,Diaries Notes and Sketches
74406,Queen: Days of Our Lives
27329,The Legend of Suriyothai
56724,What Price Hollywood?
46925,Six Pack
4111,Blondie of the Follies
121835,Lore
7011,Making Contact
3784,Frankie and Johnny
2769,An American in Paris
144410,Annabelle Serpentine Dance
4548,The Count of Monte Cristo
531,The Wrong Trousers
41602,Charlie Countryman
125077,Munchie Strikes Back
7182,Venom
4436,Kein Bund für's Leben
66592,Charlie Chan and the Curse of the Dragon Queen
8776,The Toth Family
4201,The Fifth Musketeer
27093,Close to Leo
3112,The Night of the Hunter
93649,Reflection
4523,Enchanted
105833,Farewell to the Summer Light
4398,Lissi and the Wild Emperor
31413,Innocence
27040,Meshes of the Afternoon
104644,A Reflection of Fear
159211,The Haunting of Helena
104239,Eden and After
137,Groundhog Day
31160,Alma
1623,Brubaker
118762,Our Brief Eternity
4710,Masculin Féminin
6967,The White Massai
159137,Anita
85025,Memory Lane
6007,Elling
26267,Now You See It...
5592,A Girl Cut in Two
1836,In My Skin
49815,The Whales of August
26246,Incident at Oglala
25993,Asylum
26285,Fantozzi Still Suffers
2253,Valkyrie
8392,My Neighbor Totoro
27009,Beneath Loch Ness
25843,Karas: The Prophecy
42518,Gulliver's Travels
1781,An Inconvenient Truth
1599,I Heart Huckabees
98078,Judith of Bethulia
142,Brokeback Mountain
82911,Thurgood
79247,Wyjazd Integracyjny
76829,Lovers Like Us
32151,Triangle
8457,Drillbit Taylor
92182,Silent House
253,Live and Let Die
136459,Victor and the Secret of Crocodile Mansion
5139,The Fox & the Child
84643,Danger!! Death Ray
26530,Christmas Holiday
3701,Gang War in Milan
145474,The Invisible Men
131634,The Hunger Games: Mockingjay - Part 2
95597,Black Girl
1723,The Front
43822,The Stars Look Down
6961,The Wedding Date
108540,Bill W.
5177,Dark Horse
4518,Elizabeth
172533,Drinking Buddies
62,2001: A Space Odyssey
149320,King: A Filmed Record... Montgomery to Memphis
110501,Seven and a Half
126172,Leprechaun: Origins
27699,The Awful Dr. Orlof
4762,The Lost Honor of Katharina Blum
54198,My Boy
140231,Elaan
156015,Out 1: Spectre
97252,Okie Noodling
84302,The Last Elvis
32318,The Navigator
54256,Rang Birangi
3173,Bangkok Dangerous
2984,A Countess from Hong Kong
3594,The Number 23
34214,Crude
59173,Sam Kinison: Why Did We Laugh?
1713,Jungle Fever
5421,Monster Hunter
64650,Sartana the Gravedigger
8991,Undead
157851,Maps to the Stars
125039,Genealogies of a Crime
159095,In Fear
496,Borat: Cultural Learnings of America for Make Benefit Glorious Nation of Kazakhstan
148820,Land of Milk and Honey
26277,Mujhse Dosti Karoge!
171771,The Scar
92307,The Final Comedown
103212,Rakht
1282,Dogtown and Z-Boys
110555,Street Days
2800,Rumor Has It...
1127,Princesses
43608,The Night Holds Terror
4279,The Married Couple of the Year Two
4134,Het zwijgen
3043,Flesh for Frankenstein
636,THX 1138
8738,The Final Countdown
838,American Graffiti
103243,Vicky Donor
36850,A New Leaf
1901,In Good Company
85542,Trishna
49082,Adventures in Dinosaur City
6980,Horse Sense
345,Eyes Wide Shut
126432,Scattered Clouds
78461,Beneath the Darkness
108476,Trashed
31427,Fires on the Plain
72856,Hallelujah
1254,"Don't Worry, I'm Fine"
8952,I Love You Phillip Morris
118390,Venus in Furs
8922,Jeepers Creepers
60363,Letter to Brezhnev
43930,"Tomorrow, When the War Began"
4441,Candy
5001,Before Night Falls
169842,The Squall
125521,Slayers Return
121,The Lord of the Rings: The Two Towers
148697,Avanak Apdi
99946,Exit Smiling
31998,Without Love
79572,Execution Squad
84140,Dangerous Men
26271,Live Nude Girls
173541,How to Save a Marriage and Ruin Your Life
107100,Seattle Superstorm
80582,Dying To Have Known
102949,Alive or Preferably Dead
77881,Crime After Crime
2275,The General's Daughter
27857,Prick Up Your Ears
55888,Ed Gein
2503,The Bourne Ultimatum
79327,The Littlest Angel
55069,The Delivery
105121,Tchoupitoulas
80193,The Big Stampede
25801,Aamdani Atthanni Kharcha Rupaiya
64499,Quinceañera
33294,In Your Hands
48856,Gun-shy
1882,The Men
5765,Knight Moves
6391,Jellyfish
26509,The Bed-Sitting Room
143335,The Gathering Storm
4483,The Return of Martin Guerre
25746,Kabei: Our Mother
135697,K.O. Miguel
8588,Shooting Dogs
2006,"Bell, Book and Candle"
163042,Orange Love
550,Fight Club
4199,The Man in the Iron Mask
47237,Intimate Affairs
475,Bonnie and Clyde
1774,The Big One
596,The Grapes of Wrath
4499,"Pepi, Luci, Bom"
31932,City of Ghosts
2882,Hunting and Gathering
34583,The Final
5961,Fanny & Alexander
33644,How Stella Got Her Groove Back
45210,Striped Trip
5289,Chaos
6957,The 40 Year Old Virgin
102286,Fate Is the Hunter
7211,Dan in Real Life
96872,Superstar Goofy
975,Paths of Glory
6733,Where Is Fred?
51321,Permanent Record
8010,Highlander II: The Quickening
7095,Jack
1992,Planet Terror
1895,Star Wars: Episode III - Revenge of the Sith
62796,William & Kate
153845,The Eleventh Year
33251,The Way Home
30867,Scott Walker: 30 Century Man
105130,Dangan Runner
571,The Birds
96419,Oriana
134806,Riders of the Purple Sage
126300,Kilometre Zero
27526,The Crossing Guard
320,Insomnia
480,Monsoon Wedding
2493,The Princess Bride
6951,Turner & Hooch
64577,Summer Affair
172673,Instructions for a Light & Sound Machine
26782,Shadows of Forgotten Ancestors
409,The English Patient
4461,Decision Before Dawn
25977,Showdown at Area 51
6110,Murder on the Orient Express
2457,Children of Paradise
3902,I'm Not There.
77444,The Corridor
2335,Taxi 4
6318,Vaya con Dios
2470,Belle Époque
148176,A Chairy Tale
3511,The Broken
96702,The Power and the Glory
74257,Holy Flame of the  Martial World
142478,The Making of 'The Bridge on the River Kwai'
71266,Cleopatra
69217,Black Cadillac
4825,Guys and Dolls
172913,The Boob
8393,The Gods Must Be Crazy
143098,Fire-Eater
2042,Savior
6977,No Country for Old Men
26521,Sexy Killer: You'll Die for Her
2657,Pleasantville
26333,Untamed Heart
75981,La France
2077,The Rink
47477,The Beast
5889,Azumi
25741,The Flight Before Christmas
174,Star Trek VI: The Undiscovered Country
92272,The Organization
48678,Falling Angels
25926,Mind Meld: Secrets Behind the Voyage of a Lifetime
8410,The Wild Blue Yonder
131944,Daughters Courageous
103164,Copper Canyon
31297,Ninja 1
25783,Comandante
58895,Hush Little Baby
93212,Waitress!
591,The Da Vinci Code
56515,Fantômas: The False Magistrate
327,Brother
4973,Under the Sand
170455,A Killer Among Us
445,Caché
109008,Escape
31498,The Mummy's Hand
54491,The Trumpet Of The Swan
678,Out of the Past
1837,The Secret
44191,Loose Screws
153118,The Man Without a Shadow
7269,Space Raiders
6076,Rabbit Without Ears
166255,Jungle
5038,Vicky Cristina Barcelona
157,Star Trek III: The Search for Spock
132232,Mama
26538,Jack Frost
1372,Blood Diamond
82631,Won't Back Down
103528,God is the Bigger Elvis
56294,The Oil Factor: Behind the War on Terror
223,Rebecca
248,Pocketful of Miracles
910,The Big Sleep
2186,Within the Woods
1873,Beyond Rangoon
86508,Love Camp
3041,In Bed
4543,The Meaning of Life
8747,The Black Balloon
27759,55 Days at Peking
105404,Garbo Talks
130233,Fly Away
88744,The Woman with the 5 Elephants
58291,The Battle for Marjah
8983,Felidae
1374,Rocky IV
2517,Nobody Knows
57209,Inadequate People
112355,Night Hair Child
59290,Polar Opposites
1631,A Real Young Girl
33709,Going Hollywood
136339,The Policeman of the 16th Precinct
4516,My Best Friend
199,Star Trek: First Contact
32689,First Name: Carmen
1284,Torrente 2: Mission in Marbella
3591,One Million Years B.C.
114514,Who Are the DeBolts? And Where Did They Get Nineteen Kids?
89584,Conquest 1453
87884,The Teacher
57476,The Spirit of '76
68115,Terminal Justice
39449,Steel Frontier
695,Short Cuts
137381,People of a Feather
2355,Reign Over Me
26886,Bright Future
26371,Maurice
1789,The Gazebo
160128,Sawney: Flesh of Man
46651,Romance
112481,Rattlers
113300,A Blank on the Map
107569,Memories of Me
55154,Den siste Fleksnes
1591,Nowhere in Africa
90460,Whistling in the Dark
43832,Only Angels Have Wings
84281,Hello I Must Be Going
57536,"Bicicleta, Cullera, Poma"
27350,McBain
8329,[REC]
4252,Chalte Chalte
5126,Martian Child
171759,The Lost Medallion: The Adventures of Billy Stone
98065,Girl Walk // All Day
3513,Legionnaire
27320,Jack Frost 2: Revenge of the Mutant Killer Snowman
4948,Womanlight
128177,Elisa Before the End of the World
52458,The Butter Battle Book
2266,"Paris, je t'aime"
116155,Alibi Ike
4474,My Super Ex-Girlfriend
106747,Machete Kills
8749,Hamlet Goes Business
2009,"4 Months, 3 Weeks and 2 Days"
99,All About My Mother
79521,Miracle in the Rain
119844,Macbeth
4823,Final Analysis
4786,Rudo & Cursi
60551,War Arrow
1646,Freedom Writers
114003,Jersey Shore Shark Attack
2099,Raw Deal
4985,The Longest Yard
88138,Dear Pillow
146,"Crouching Tiger, Hidden Dragon"
41571,The Heart of the World
83897,Uprise
169840,Good Fortune
2094,Roustabout
27909,Alien from the Deep
134366,Grave Encounters 2
6479,I Am Legend
84187,The Comedy
2444,The Red Squirrel
89351,Daddy's Deadly Darling
4421,G.I. Jane
42952,72 Meters
173891,Kind Lady
34482,The Clique
33389,City in Darkness
163428,Man Follows Birds
2907,The Addams Family
2310,Beowulf
25764,Dasepo Naughty Girls
31221,Dragon Hunter
139325,Made in Mexico
92371,Project: Shadowchaser
46713,Hunt to Kill
96451,If God Is Willing and da Creek Don't Rise
119820,The Unfish
1955,The Elephant Man
5247,Mercy
90873,Last Days Here
1280,3-Iron
54561,An Average Little Man
97073,Perry Mason: The Case of the Skin-Deep Scandal
51167,According to Spencer
2397,Fallout
83765,Feed the Kitty
47501,Six Ways to Sunday
4486,Jesus of Montreal
122884,Of Human Hearts
8968,Boogeyman
47561,Firepower
26617,Five Easy Pieces
41762,Graffiti Bridge
4228,The French Revolution
5747,Common Law Cabin
120932,Desperate Search
59421,Bedevilled
8270,The Lookout
7220,The Punisher
1666,The Bridge
3080,Top Hat
138502,Offline
44115,127 Hours
112674,The Cowboy and the Lady
8698,The League of Extraordinary Gentlemen
5064,Carry On Doctor
73872,Terraferma
121354,The Great Man
160155,Life Is Ruff
25789,Aftershock: Earthquake in New York
26889,The Brother from Another Planet
1251,Letters from Iwo Jima
1534,Pathfinder
8128,The Sorcerer's Apprentice
72559,G.I. Joe: Retaliation
39779,Portrait in Black
2861,A Good Marriage
2323,Field of Dreams
885,The Docks of New York
140934,The Preacher's Daughter
96717,To New Shores
1124,The Prestige
4893,Where the Spies Are
5618,"Cousin, Cousine"
30949,Palmetto
245,About a Boy
133441,The Summit
8897,Frontier of the Dawn
94904,7 Days in Havana
27255,From a Place of Darkness
32520,Eight Diagram Pole Fighter
98246,The Sun
26280,I Killed My Mother
146730,Alice's Wonderland
115821,The Artist and the Model
48780,Boat
73194,Drums Along the Mohawk
91261,The Story of Asya Klyachina
26379,Paa
102526,White Cargo
27033,The Strange Love of Martha Ivers
5851,Showtime
94965,Okkadu
4154,Three Seasons
26670,Noises Off...
2621,Return to Me
161796,The Whispering Shadow
49110,'R Xmas
2454,The Chronicles of Narnia: Prince Caspian
48791,Royal Deceit
84111,You Are the Apple of My Eye
26431,Pu-239
34696,Fuel
488,The African Queen
26203,Blink
8998,Friends with Money
168320,The Weight of Elephants
77449,Epitaph
628,Interview with the Vampire
94649,La libertad
598,City of God
161143,Madly Madagascar
643,Battleship Potemkin
163631,Oliver's Story
2442,The Final Cut
232,Rumble Fish
105526,Any Day Now
113,"Spring, Summer, Fall, Winter... and Spring"
26146,My Wrongs 8245-8249 And 117
81751,Casanova Brown
76163,The Expendables 2
156603,Let's Go Navy!
1738,Next
124633,Someone Else's America
41402,Let Me In
47615,Orgy of the Dead
63339,The Suspicions of Mr. Whicher: The Murder at Road Hill House
26567,The War Within
33539,Once Upon a Forest
173189,Brian Posehn: The Fartist
63276,L'odore della notte
91208,Souls for Sale
57353,Cat Run
31342,The Love Letter
133701,Tears of Steel
1900,Traffic
72178,One Night Only
166271,Haunter
5816,Waiter
964,The Phantom of the Opera
176167,Parsifal
104274,Blastfighter
1697,Grave Decisions
34800,The Cub Tiger from Kwang Tung
3117,Frankenstein and the Monster from Hell
6346,The Chamber
42015,Swimming to Cambodia
136752,"Rock, Paper, Scissors"
153102,12 Days of Terror
309,The Celebration
837,Videodrome
2832,Identity
576,The Wild Bunch
2270,Stardust
5482,Rabid Dogs
1843,Dig!
92180,The Game Is Over
2179,Tenacious D in The Pick of Destiny
88564,Fate of a Man
64288,Forks Over Knives
159281,Two Faces of the Dollar
47907,The Spitfire Grill
2097,"Gappa, the Triphibian Monster"
71067,Tess of the Storm Country
83186,Wrong
148622,Forgotten Tune for the Flute
391,A Fistful of Dollars
57778,Unbelievable Adventures of Italians in Russia
43396,Union Station
2441,Cows
27105,Day of the Evil Gun
32646,Safe
49530,In Time
5393,Happily N'Ever After
62206,30 Minutes or Less
943,Lethal Weapon 3
3596,Things to Come
78022,My Kingdom
4412,Les Misérables
134409,Decoding Deepak
65762,Swinging with the Finkels
119593,A Fever In The Blood
107966,Loose in London
561,Constantine
8093,Khadak
49299,Dangerous Game
36799,Sugar
106887,The Green Wall
61312,"Video Nasties: Moral Panic, Censorship & Videotape"
101904,Through the Forest
6637,National Treasure: Book of Secrets
81,Nausicaä of the Valley of the Wind
120637,Queen of Hearts
8920,Garfield
2972,The Golem: How He Came Into the World
106136,From Above
2436,Double Dragon
149727,The Plea
126927,The Devil's Widow
156627,The Story of Sin
4708,Is Paris Burning?
1651,Mississippi Mermaid
66066,Verlengd Weekend
27598,"You're Out of Your Mind, Madicken"
82362,Footprints
118576,The Devil's Needle
397,French Kiss
168530,Ride Along
170845,Karma
45047,The Seduction of Inga
2321,Married to the Mob
92257,Dance Program
72733,Bangkok Traffic Love Story
171873,Unter Umständen verliebt
6028,The Mirror Crack'd
32593,Snow White: The Fairest of Them All
68976,The Unknown Man
26974,Pulgasari
83831,Charley-One-Eye
3397,And Along Come Tourists
5486,A Bay of Blood
8766,Hellraiser: Bloodline
6521,The Contender
90645,Fanatics
27461,Fat Man and Little Boy
8512,Devil in a Blue Dress
750,Murder She Said
2284,Mr. Magorium's Wonder Emporium
173465,Medora
62836,The Kennedys
117142,EK Chotti Si Love Story
42740,The Collector
1783,To End All Wars
172297,The Shimmering Beast
151923,Gross Misconduct
98566,Teenage Mutant Ninja Turtles
989,The Mortal Storm
699,For Your Eyes Only
1126,In My Father's Den
2239,Hallam Foe
73135,Ratchet
27777,The Racket
26354,Surfwise
27472,The Odd Couple II
1537,Changing Lanes
6793,The Haunted Castle
156,Wilbur Wants to Kill Himself
63273,Endure
407,Short Sharp Shock
26356,Medea
266,Contempt
79008,Jinxed!
114922,Scrambled Beer
48242,Hundra
3131,Gangs of New York
98116,Pharaoh's Curse
27458,Little Darlings
33310,Smash Palace
2155,Reindeer Games
126331,The Invisible Ones
58509,Unfair Competition
5056,Deadlier Than the Male
108246,Forty Little Mothers
43923,It's Kind of a Funny Story
3683,Flags of Our Fathers
175,The Big Blue
71147,The Triangle
138686,The Marathon
4909,The Day of the Jackal
174195,Private Eyes
2026,Hostage
85293,Harriet Craig
3087,Yankee Doodle Dandy
169020,Vive la France
8954,Reservation Road
78321,Dog Day
1968,Fools Rush In
4975,Love Is the Devil: Study for a Portrait of Francis Bacon
31867,Repo Men
26422,The Pillow Book
2897,Around the World in Eighty Days
6641,Love and Other Disasters
1942,Bunny Lake Is Missing
1542,Office Space
1672,The Professional
8986,Milk Money
25994,The Winter Guest
149586,The Conscientious Objector
4271,Life Is a Long Quiet River
5125,Rendition
868,Tsotsi
150473,Bad Hair Friday
3525,Working Girl
95600,The Chronicle of Anna Magdalena Bach
8583,Dangerous Beauty
5546,Dead Weekend
75341,Budrus
105763,A Chef in Love
8997,Hollow Man II
552,Bread and Tulips
70418,Wasted on the Young
2123,"Me, Myself & Irene"
1848,Poodle Springs
69483,Julia Misbehaves
624,Easy Rider
53416,The Floorwalker
171045,Dead End
39402,Hercules Unchained
26480,The Legend of the 7 Golden Vampires
125623,The Other Son
37495,Four Lions
252,Willy Wonka & the Chocolate Factory
6795,Zathura: A Space Adventure
3089,Red River
66897,Les deux timides
63481,Calmos
80990,Parental Guidance
2255,Chasing Amy
558,Spider-Man 2
113374,Kissinger
56691,The Wayward Girl
241,Natural Born Killers
32562,The Celluloid Closet
3558,"Girl, Interrupted"
171795,Birth of the Living Dead
43011,Sodom and Gomorrah
49642,Drunken Master Part II - Dance of the Drunk Mantis
140481,"Park Avenue: Money, Power & The American Dream"
4701,A Tale of Two Cities
8461,Funny Games
53853,The Emperor's Candlesticks
162282,A Perfect Family
5589,Šíleně smutná princezna
31547,Şaban Oğlu Şaban
25874,The Illustrated Man
107743,Wedding Bell Blues
33641,Frankenfish
169844,Malarek
112072,The magnetic man
809,Shrek 2
107978,Cockpit
150657,Merry In-Laws
8940,Tyson
125587,Nothing Personal
39446,At Risk
535,Flashdance
129405,World War II: When Lions Roared
49961,A Song of Lisbon
2778,Clifford
60193,Arrangiatevi!
82877,The Gospel of Judas
44966,The Freebie
8425,The Clockmaker of St. Paul
27338,The Pretender 2001
71700,Repeaters
68337,Doctor in Distress
152218,The Barbershop
5709,Amazon Women on the Moon
93855,Posti in piedi in paradiso
4507,Jamon Jamon
46976,Wish You Were Here
4556,Nightwatching
131457,Green Light
4257,Scary Movie 4
136311,American Strays
67087,Curtains
34312,Sleepaway Camp III: Teenage Wasteland
32862,Revenge of the Zombies
5651,Up!
49691,Mortal Transfer
1414,Lovers of the Arctic Circle
1917,Who Killed Bambi?
164777,The Magnificient Cuckold
130624,The Girl from the Marsh Croft
167012,The Wish List
3640,Mostly Martha
49957,Carts of Darkness
7483,Free Zone
87061,The Extraordinary Voyage
48591,The Oyster Princess
82390,The Paperboy
91690,The Snows of Kilimanjaro
94831,The Fuller Brush Girl
4338,I Woke Up Early The Day I Died
120,The Lord of the Rings: The Fellowship of the Ring
38867,Delta of Venus
92132,White Dew
88192,Dr. Ehrlich's Magic Bullet
2260,Capturing the Friedmans
5336,"Salò, or the 120 Days of Sodom"
110588,Gingerdead Man 3: Saturday Night Cleaver
4966,Pan Tadeusz
2701,Abraham
85574,The Seventh Cross
992,"Sherlock, Jr."
81512,Many Rivers to Cross
8266,Female Agents
89623,"Leafie, a Hen Into the Wild"
86231,The In Crowd
2762,Young and Innocent
161482,The Coalition
70706,Very Good Girls
2319,The Dust Factory
6520,First Knight
117680,Home of the Brave
43007,Period of Adjustment
751,Murder at the Gallop
169864,The Short Game
126418,Should Ladies Behave
2019,Hard Target
129229,A Plasticine Crow
259,Love on the Run
90061,American Mullet
32596,An Ideal Husband
91929,The Arrival of Wang
34231,The Graves
2080,X-Men Origins: Wolverine
106,Predator
72483,The Twilight of the Golds
7291,36th Precinct
73492,Outrage
128203,Road North
105945,Memorial Day
41914,Mandragora
113582,The Spy in the Green Hat
4377,The Child I Never Was
140036,Olympian Holiday
103328,Holy Motors
47904,Outside the Law
5335,Teorema
2721,Z
44022,Bandido!
5066,Carry On Cleo
7364,Sahara
8689,Cannibal Holocaust
43899,David Copperfield
54220,Anima Mundi
104973,White Cannibal Queen
27152,"Gone, But Not Forgotten"
3021,1408
73529,Mardock Scramble: The First Compression
43869,Wee Willie Winkie
1948,Crank
96966,Raggedy Man
37058,I'm Here
27031,Samurai Rebellion
115929,Cool Kids Don't Cry
3051,Eye of the Devil
84116,"Grandview, U.S.A."
292,Dave Chappelle's Block Party
3478,Ludwig
84242,Stories of Lost Souls
7216,Zombie Holocaust
105593,You Are Not I
31086,Gorp
1592,Primal Fear
81949,An Unforgettable Summer
860,WarGames
58293,The Anniversary
1433,The Devil's Backbone
1040,The Leopard
1986,Live and Become
72505,Tomorrow's Joe
44671,Racing Dreams
47670,The Christmas Toy
1283,"Torrente, the Dumb Arm of the Law"
84300,L
166221,Teresa's Tattoo
74946,Feast of All Saints
56508,Fantômas: In the Shadow of the Guillotine
81704,Romeos
35826,Wicked Stepmother
118536,The Private Affairs of Bel Ami
51619,The Sound Barrier
145504,The Secret Nation
71357,Lovesick
247,The Killing
105077,Battlestar Galactica: The Plan
2501,The Bourne Identity
15,Citizen Kane
166747,Monster High: Friday Night Frights
655,"Paris, Texas"
45533,Pyaar Kiya To Darna Kya
91571,And Hope to Die
2144,One Night at McCool's
5608,"The Nibelungs, Tale 1: Siegfried"
129820,Silence and Cry
59040,I due carabinieri
312,Beyond Silence
167494,"Reason, Debate and a Story"
26719,House of Games
100032,The Great Los Angeles Earthquake
27671,Pop Skull
84273,Storm Over Asia
45987,Taira Clan Saga
5638,Alice's Restaurant
32302,3 Ninjas: High Noon at Mega Mountain
48833,Night Catches Us
570,Fat Girl
85763,The 7th Dawn
148811,Reminiscences of a Journey to Lithuania
125495,Le Mataf
436,Maria Full of Grace
2211,Aimee & Jaguar
26138,Duelist
1389,Out of Sight
136742,Gulf Stream Under the Iceberg
48407,The Last Page
8341,Samsara
379,Miller's Crossing
106006,Living with Michael Jackson: A Tonight Special
553,Dogville
109416,30 Beats
6417,Dallas Pashamende
83361,McCinsey's Island
1652,00 Schneider - Jagd auf Nihil Baxter
983,The Man Who Would Be King
8818,Evita
30793,House of Dracula
116323,Unbowed
115373,Gunshy
77852,Enigma
2307,A Pyromaniac's Love Story
2462,Hibernatus
55061,Frankie & Alice
132236,Four Assassins
169860,Hey Bartender
147106,Oklahoma Crude
27261,Orders to Kill
116811,Berberian Sound Studio
2171,Wet Hot American Summer
2055,Open Range
680,Pulp Fiction
110603,The Three Musketeers
102197,The Spy
32049,Best of the Best 2
479,Shaft
4772,Cul-de-sac
31948,Gray Lady Down
86495,Oliver Sherman
84801,Summer School
116094,Charlotte Sometimes
85129,Variety
144942,Top Gear: The Worst Car In the History of the World
2757,Adaptation.
8850,The Shadow
27595,Charlie & Boots
7446,Tropic Thunder
71482,Totally True Love
96288,Paris Was a Woman
80038,Friends with Kids
26142,The Doctor
148408,The Crush
27716,Coonskin
608,Men in Black II
6963,The Weather Man
6463,Other People's Money
1125,Dreamgirls
111443,The End
649,Belle de Jour
8926,Afterschool
125948,Red Bear
162928,Let Us Be Gay
2926,The Three Musketeers
26630,Shank
1933,The Others
212,Arsenic and Old Lace
8848,The Bank Job
105079,A Quiet Place to Kill
848,Dragonslayer
648,Beauty and the Beast
66590,Callie & Son
172803,Hours
78358,A Matter of Time
831,This Island Earth
40681,Jailbait!
8649,Bringing Out the Dead
6609,Keoma
4478,Indecent Proposal
6081,Revenge of the Pink Panther
121727,The Call of the Wild
94659,Brothers and Sisters of the Toda Family
4913,"Sorry, Haters"
54796,Thicker than Water
26990,The Perfect Holiday
5040,Pharaoh
87302,Alien Space Avenger
6498,Nightwatch
2,Ariel
4706,The Lady Vanishes
25748,Children of the Corn II: The Final Sacrifice
32511,"Police, Adjective"
1924,Superman
183,The Wizard
56067,The Biscuit Eater
1719,The Soft Skin
125509,Wrong Turn 5: Bloodlines
112293,Park Road - the Movie
7295,8MM 2
26325,"Tarzan, the Ape Man"
8989,Harry and the Hendersons
4034,That Man from Rio
93492,Gladiators 7
87719,Savage Abduction
74948,Steppenwolf
134415,Vampire Dog
60243,A Separation
6471,The Jerk
41617,In Search of Mozart
5157,Beneath the Valley of the Ultra-Vixens
26268,Harper
2288,Closer
61434,They All Kissed the Bride
4108,The Transporter
140465,Prohibition
1268,Mr. Bean's Holiday
46581,Immoral Tales
8293,Howards End
25739,L'associé
3040,Night Watch
6474,Navajo Joe
2637,The Mothman Prophecies
633,Soldier of Orange
123757,All the Vermeers in New York
1649,Bill & Ted's Bogus Journey
72096,Bloodhounds of Broadway
65435,Consuming Kids: The Commercialization of Childhood
172011,Last Words
52106,I Won the New Year's Lottery
8224,8MM
31060,Recep İvedik
91921,Ecstasy of Order: The Tetris Masters
8909,Wanted
5742,"Cherry, Harry & Raquel!"
83664,The Man with a Cloak
83435,The Foundling
112454,Clown
585,"Monsters, Inc."
31123,Night Train to Mundo Fine
2977,Becoming Jane
172475,Mrs. Pollifax: Spy
171,The Party 2
53906,Jet Pilot
56339,Qualunquemente
7288,Duplex
168426,If I Were You
110761,Container
133,Primary
87065,Louie Bluie
31000,Amos & Andrew
149026,T.R. Baskin
27,9 Songs
284,The Apartment
80648,Heart of Stone
76127,Vegucated
169066,Blindfold
76277,The Marriage of Balzaminov
89722,Visions of Suffering
31921,They All Laughed
106134,Meanwhile
93676,Someday This Pain Will Be Useful to You
32120,No Time For Love
172295,People of the Mountains
53121,Barking Water
778,Monsieur  Hulot's Holiday
4858,The Invasion
93840,Blind Man
7983,Lowlands
51933,Handsome Harry
84857,My Life in Orange
41810,Alligator Eyes
47860,"Things I Like, Things I Don't Like"
2625,Mr. Jones
2046,The Gift
2202,Lassie Come Home
101176,The Butterfly Room
991,The Man Who Fell to Earth
3168,Three-Step Dance
2623,An Officer and a Gentleman
71677,Assassination Games
73462,The Aviator
26123,American Pie Presents: The Book of Love
307,"Rome, Open City"
132128,Voices of the Andes
26663,The Man I Love
37626,St. Ives
8874,My Best Friend's Wedding
148675,Suez
140212,Confession of Murder
26484,Beach Party
2929,Frankenstein
27236,Two-Lane Blacktop
31223,In The Hands Of The Gods
1850,Man on the Moon
121493,A Summer in La Goulette
47714,The Stolen Children
8690,Eaten Alive!
5850,Times and Winds
5924,Papillon
107262,A Real American Hero
3937,Blondie on a Budget
2322,Sneakers
88061,"So Evil, So Young"
47956,The Norseman
133569,Rat Fever
43987,No Mercy for the Rude
140281,She Wouldn't Say Yes
32325,Mi Vida Loca
78463,My Best Enemy
86764,Suzanne's Career
96306,Anotherworld
40752,Walk Like a Man
107352,Sweet Revenge
103,Taxi Driver
173443,Rio 2096: A Story of Love and Fury
27884,The Story of Robin Hood and His Merrie Men
127144,"Don't Hug Me, I'm Scared"
8195,Ronin
32395,The Greatest
6537,The Orphanage
63194,The Diary of an Unknown Soldier
130374,Guest Wife
37857,Don's Plum
4955,Mädchen in Uniform
164,Breakfast at Tiffany's
25768,"Steamboat Bill, Jr."
802,Lolita
39934,Longtime Companion
654,On the Waterfront
86655,A Married Couple
113739,Ring of Terror
76117,Not as a Stranger
3423,The Things of Life
159215,The Silk Express
86990,Let There Be Light
2734,David
26513,Punishment Park
70862,American Grindhouse
59861,Larry Crowne
8456,Never Back Down
3309,Mildred Pierce
26736,Wizards of Waverly Place: The Movie
50253,Saint Seiya Heaven Chapter: Overture
609,Poltergeist
125527,The Other
95758,The Sci-Fi Boys
26347,Our Music
171755,Genius on Hold
92389,Badge 373
156547,Mai Stati Uniti
124013,A Crime
114638,True Confession
132344,Before Midnight
4462,Diplomatic Courier
168210,Bag of Bones
69061,Dr. Otto and the Riddle of the Gloom Beam
6557,27 Dresses
5693,Hoosiers
112087,The Wild Party
31112,"Bon Voyage, Charlie Brown (and Don't Come Back!)"
5143,Hannah and Her Sisters
1966,Alexander
3574,Doctor X
71110,In The City
2289,Cold Mountain
43497,Tonight and Every Night
5967,The Umbrellas of Cherbourg
122270,The Niklashausen Journey
7839,Wedding Daze
26791,Brigham City
26762,The Outfit
2722,The Other Side of the Bed
136437,Beyond the Walls
77966,Red-Headed Woman
84296,Trader Horn
238,The Godfather
26444,Death Hunt
43552,Vanishing on 7th Street
83345,The Mosquito Net
9017,Outpost
72589,3nity
892,Delicatessen
8056,Train of Life
799,Annaluise & Anton
9010,Silentium
132,The Rolling Stones: Gimme Shelter
25745,The Gamers
128679,Begone Dull Care
48231,A Dangerous Method
32168,Typhoon
43549,The Experiment
1253,Breaking and Entering
3938,Blondie Plays Cupid
121491,Deranged
6016,The Good Thief
3512,Under Siege 2: Dark Territory
1632,Mississippi Burning
1548,Ghost World
73818,The Entitled
45221,"Delphine 1, Yvan 0"
8420,...And God Created Woman
25846,Baarìa
123,The Lord of the Rings
101897,Boris and Natasha
8359,Kit Kittredge: An American Girl
3539,Off Beat
1165,The Queen
93939,The Shuttered Room
5549,RoboCop 2
4281,Appointment with Death
4485,Diva
55207,Gaslight
5653,Luther
128237,Viola
5590,Donkey Skin
5915,Into the Wild
7270,Matchstick Men
98581,8 First Dates
82157,Die Blindgänger
2022,Mr. Deeds
30970,Code Unknown
5179,The Prime of Miss Jean Brodie
6974,The Angry Red Planet
25913,Balto II: Wolf Quest
3479,Dirty Hands
27636,The Whip and the Body
113105,The War of the Robots
68173,Jungle Freaks
98507,Shock Treatment
43904,L'Atalante
6264,Prince Valiant
2112,Payback
124298,Kitchen Party
2252,Eastern Promises
97797,Dead Daughters
124645,Two Deaths
483,Wild at Heart
102242,Something to Sing About
160660,Confidential Agent
981,The Philadelphia Story
6844,The Ten Commandments
108949,Insiang
117129,The Family Game
70695,Dirty Girl
32088,The Little Drummer Girl
31148,City for Conquest
103875,Mystery
118792,There Will Come Soft Rains
107767,I Am a Nymphomaniac
1662,State of Grace
39516,The Fallen
82767,¡A volar joven!
158848,The Falls
168672,American Hustle
26520,Bob & Carol & Ted & Alice
45722,Don't Look Down
505,Johnny Handsome
4599,Raising Helen
664,Twister
950,Ice Age: The Meltdown
80469,Groenten uit Balen
110671,No Down Payment
8382,Today You Die
121111,The Telephone Book
82698,Ladies vs Ricky Bahl
150838,Hôtel des Invalides
90806,Hot T-Shirts
276,The Edukators
50271,Strange Cargo
47646,The Grasshopper
27799,Hana and Alice
53953,The Tooth Fairy
108200,The Doctor Takes a Wife
4529,The Defector
826,The Bridge on the River Kwai
26306,Prefontaine
43460,Monsieur Vincent
61123,Vares - The Girls of April
43419,Souls at Sea
6020,Sorority Boys
51800,The Dolphin: Story of a Dreamer
268,Batman
153410,Kiss
50619,The Twilight Saga: Breaking Dawn - Part 1
5800,Can I Do It Till I Need Glasses?
4475,The Private Lives of Pippa Lee
1018,Mulholland Drive
102292,A Bottle in the Gaza Sea
31140,Party 7
31116,Zaat
101803,Sam Peckinpah: Man of Iron
759,Gentlemen Prefer Blondes
3052,Don't Make Waves
1696,The Devil's Rejects
6038,Shanghai Knights
340,Everything is Illuminated
157683,For a Book of Dollars
6114,Dracula
50066,Mrs. Parkington
2152,Dixie Chicks: Shut Up and Sing
81182,Lost Christmas
2104,Requiem
8619,Master and Commander: The Far Side of the World
131916,Scary or Die
86081,Regeneration
59159,Callan
43838,Young Mr. Lincoln
120833,Applause
84298,Arrowsmith
2007,Lorenzo's Oil
5145,The Business
100089,Nazis at the Center of the Earth
65300,Endangered Species
56379,Beach House
5856,Hotel St. Pauli
26555,Club Paradise
1920,Crime of Passion
153162,Calling Dr. Kildare
161,Ocean's Eleven
165739,Pawn
106230,The Iron Ladies
8391,When Night Is Falling
46335,Don't Touch the Axe
26596,Johnny Guitar
123359,Here Comes the Devil
26235,The Gamers: Dorkness Rising
70912,The Advocate
1954,The Butterfly Effect
1689,Little Buddha
2642,Two Weeks Notice
5334,Billy Budd
1934,Shakespeare in Love
2469,Tie Me Up! Tie Me Down!
468,My Own Private Idaho
79234,Wandering Sagittarius
27449,Baby Face
130267,Seal Team Six: The Raid on Osama Bin Laden
921,Cinderella Man
61035,Hier kommt Lola
32928,The Extraordinary Adventures of Mr. West in the Land of the Bolsheviks
151933,Dead in Tombstone
4241,Visitor Q
469,Stranger Than Paradise
49754,Kickassia
31930,Murder!
85547,The First Man
43953,War of the Birds
93669,The Meetings of Anna
132561,Mixed Kebab
1770,Michael Collins
140174,Rise of the Zombies
2091,The Badge
157825,White Bird in a Blizzard
57655,Spin
139058,I'll Never Forget What's'isname
94365,The Human Centipede 3 (Final Sequence)
37380,Thunder Bay
58084,Julia and Julia
1835,"Farewell, My Lovely"
31954,Sub Zero
5122,The Day of the Locust
26505,Arthur and the Revenge of Maltazard
963,The Maltese Falcon
138486,Arrow In The Dust
4326,Herr Lehmann
51911,Night of the Running Man
79640,The One
631,Sunrise: A Song of Two Humans
80572,Intruder in the Dust
711,Finding Forrester
6171,Dreamcatcher
25735,The Gangster
7346,Sparrow
126108,Playing 'In the Company of Men'
141976,Mistletoe Over Manhattan
766,Army of Darkness
80374,Toto and the King of Rome
170657,Journey to the West: Conquering the Demons
116495,Val Lewton: The Man in the Shadows
5491,Battlefield Earth
99251,Spin
25858,Drunken Angel
95177,Sun Don't Shine
166904,Master Minds
127040,Pick a Star
99846,Moonshine County Express
8592,Dick Tracy
898,Birdman of Alcatraz
4837,La Collectionneuse
4043,Law of Desire
27850,Halloweentown
6522,Life
45679,The System
27875,Yaji and Kita: The Midnight Pilgrims
91010,Game Change
82088,Zvenigora
7350,The Bucket List
27506,West of Zanzibar
94405,The Far Horizons
4105,Black Rain
26141,Fatal Instinct
26140,Stewart Lee: Stand-Up Comedian
122019,Macario
169652,Salomé
94727,Moana
86791,Gunsmith Cats: Bulletproof!
7214,Coach Carter
940,The Lady Vanishes
106538,Un amour de femme
96252,A Date with Judy
7342,Carrie
145668,Butcher Boys
159538,The Strange Case of Alice Cooper
40342,Demons 2
109418,Grown Ups 2
1930,The Amazing Spider-Man
97732,See Girl Run
25919,Great World of Sound
41820,Till Human Voices Wake Us
2539,Spanglish
26320,Taking Woodstock
4368,Dark Wolf
104431,Kept and Dreamless
150140,Promise
128201,Revolution
90019,Magnum Cop
2297,Kafka
8849,Alfie
59852,Blinky™
63229,Good King Dagobert
41792,Rubin and Ed
4880,Nichts als Gespenster
1628,Jules and Jim
123229,Porn in the Hood
9005,The Ice Harvest
31032,The Death of Mr. Lazarescu
3766,The Lady from Shanghai
31685,The Hunchback of Notre Dame
98439,Thou Shalt Laugh 2 - The Deuce
53741,Crazy Love
26614,La Chienne
40833,King Cobra
143876,Very Russian Detective
31655,The Terror
42718,The Pornographers
106824,"Bomba, the Jungle Boy"
42011,A Taxing Woman
4375,Triple Cross
1580,Rope
80241,Green Fire
80680,Baby Needs a New Pair of Shoes
161808,Celal ile Ceren
54648,The Pebble and the Penguin
3022,Dr. Jekyll and Mr. Hyde
2039,Moonstruck
173327,From Bedrooms to Billions
146313,The Cottage
87358,Hornet's Nest
1267,Meet the Robinsons
7091,Vampire's Kiss
761,The Wing or the Thigh
97643,The Tom Green Subway Monkey Hour
92804,Bigfoot
69803,Mayor Cupcake
86837,Amour
4723,Southland Tales
87417,Slither
755,From Dusk Till Dawn
1633,Fried Green Tomatoes
139863,Bertsolari
158675,Les Misérables in Concert - The 25th Anniversary
118910,The Court-Martial of Billy Mitchell
86637,Ricco
2045,Unforgettable
11,Star Wars
26380,Out of the Fog
112882,Tokyo Chorus
103667,Murder by Proxy:  How America Went Postal
134680,Billy Gardell: Halftime
97039,The Asthenic Syndrome
152206,National Lampoon's Favorite Deadly Sins
583,Life of Brian
489,Good Will Hunting
107643,Bloody Territories
1726,Iron Man
173793,White Tiger
157837,From the Sea to the Land Beyond
32600,Seven Chances
65696,"Och, Karol 2"
47952,Two Men Went To War
4552,A Tale of Two Sisters
27067,The Life of Jesus
46578,Cheerleaders' Wild Weekend
1642,The Net
44800,The Gambler
78101,Many Wars Ago
1718,Santa Fe Trail
108063,Atomic War Bride
2755,About Schmidt
27858,PT 109
155956,Joan of Arc at the Stake
130492,Uno bianca
40629,The Mikado
72163,Along Came Jones
125990,The Hunt for the Unicorn Killer
34065,Pokémon: Destiny Deoxys
1859,Ninotchka
167666,Monster High: Escape from Skull Shores
1659,Texas - Doc Snyder hält die Welt in Atem
26198,The Keep
113286,The Dancemaker
27544,The Company She Keeps
3078,It Happened One Night
2142,Cop Land
125619,The forbidden education
33817,Satanás - Profile of a Killer
87911,Sweeney Todd: The Demon Barber of Fleet Street
849,Krull
2788,Reality Bites
1677,Ray
60309,The Conspirator
156643,The Last Tycoon
814,An American Werewolf in London
38304,Far Away
172767,500 MPH Storm
37949,A Monkey's Tale
694,The Shining
5279,Gosford Park
151831,The Delicious Little Devil
65521,Pyaar Ka Punchnama
72094,Thorne: Scaredycat
5519,Finders Killers
5678,The Wrong Guys
8984,Disclosure
1904,Memoirs of a Geisha
113284,"The Farm: Angola, USA"
92681,T.N.T.
153228,The Moonlighter
8618,The History Boys
107499,A Better Place
5063,The Passerby
620,Ghostbusters
70046,Grave Secrets: The Legacy of Hilltop Drive
4932,A Guide for the Married Man
95565,The Muthers
34299,Beautiful
80928,Babes in the Woods
2008,The Promise
79094,Return of Django
26948,Loophole
916,Bullitt
616,The Last Samurai
32456,Two Girls and a Guy
52365,Dream Wife
31696,A Kiss Before Dying
54284,Zatôichi at Large
89482,Warriors
44752,The Wrath of Cain
63327,The Valley
98604,Cinderella
47491,The Beales of Grey Gardens
693,Meet the Fockers
157336,Interstellar
714,Tomorrow Never Dies
1878,Fear and Loathing in Las Vegas
455,Bend It Like Beckham
2309,Inkheart
8265,Welcome to the Sticks
51939,The Hire: Beat the Devil
33358,The Mostly Unfabulous Social Life of Ethan Green
1488,Mongolian Ping Pong
92728,Teen-Age Crime Wave
79519,Shades of Ray
8427,I Spy
162818,The Women on the Roof
4191,The Bride Wore Black
128846,Not Reconciled
1404,Ae Fond Kiss...
110643,Mass Appeal
121455,Bad Luck
121879,A Late Quartet
97051,Would You Rather
2770,American Pie 2
159117,V/H/S/2
8194,A Guide To Recognizing Your Saints
162458,Mods
131116,Saviour Square
26680,Shock Waves
83132,St. Louis Blues
6538,Charlie Wilson's War
4979,Windows on Monday
1364,Sex and Lucia
155597,All Screwed Up
8870,Red Planet
2182,Attack of the Killer Tomatoes!
150338,Pendulum
108401,Star Maps
158914,The Look of Love
1779,Roger & Me
25852,Nothing Like the Holidays
54910,Off the Black
4566,Michael Clayton
3065,Mystery Science Theater 3000: The Movie
74302,Köyden İndim Şehire
909,Meet Me in St. Louis
148478,Freakin' Beautiful World
172847,Scenic Route
195,Trouble in Paradise
2428,The Greatest Story Ever Told
105347,How Tasty Was My Little Frenchman
8421,Zidane - A 21st Century Portrait
67365,The Search for One-eye Jimmy
42176,The Main Event
580,Jaws: The Revenge
1834,"Murder, My Sweet"
56095,The Invincible Armour
4925,Dead Bang
1732,The Prisoner of Zenda
3030,End of the World
125958,The Blood Oranges
38701,The Devil's Rain
105299,Siblings
85689,The Son of the Sheik
134374,Pain & Gain
2761,Secret Agent
27310,The Marine 2
109074,Day of the Reaper
4551,Be Cool
135713,Beware of Christians
132422,Stealing Time
72479,Lightning Strikes Twice
27764,Slumber Party Massacre II
32162,Colour of the Loyalty
41980,Once a Gangster
49953,A Turtle's Tale: Sammy's Adventures
6415,Three Kings
174371,Flex Is Kings
572,Next Door
8875,Timber Falls
32074,Company Business
97971,Chillers
225,Man of Iron
136558,Kingdom Come
125249,The Bat Man
2749,15 Minutes
148434,The Stranger That Kneels Beside the Shadow of a Corpse
42984,The Insect Woman
1497,Teenage Mutant Ninja Turtles II: The Secret of the Ooze
2767,Les Amants du Pont-Neuf
57695,The Princess of Montpensier
32825,Wild in the Country
91908,Rings
623,A Fish Called Wanda
8452,The 6th Day
135659,Johan Falk: De 107 patrioterna
4290,Supergator
2636,The Specialist
171587,Whatcha Wearin'?
1965,A Perfect Murder
79594,The Sixth
5683,Pee-wee's Big Adventure
106599,Imaginary Witness: Hollywood and the Holocaust
84240,Ghost
70342,Beats Rhymes & Life: The Travels of A Tribe Called Quest
44694,Big Time
161782,Hansel & Gretel: Warriors of Witchcraft
6182,The Dream Catcher
2061,Pusher
80746,The Age of Love
746,The Last Emperor
4248,Scary Movie 2
30892,The Ruling Class
58904,Haunted Castle
114958,Storage 24
641,Requiem for a Dream
52528,Bloodbath at the House of Death
3133,Badlands
166621,Bright Lights
43351,Pony Express
1715,The Cider House Rules
105978,Neil Young Journeys
2062,Ratatouille
176077,Enter the Dangerous Mind
172721,End of the World
49037,Hellevator
7837,The Time Shifters
6610,The Wonderful Country
63989,Irène
129311,A Gun For Jennifer
89403,Dear God No!
26367,I Can Do Bad All By Myself
97,Tron
68,Brazil
239,Some Like It Hot
91391,The Overbrook Brothers
32160,Running Wild
25750,Children of the Corn IV: The Gathering
85549,Las Acacias
27344,Swamp Women
685,Olympia Part Two: Festival of Beauty
79553,The Front Line
81347,Likainen pommi
49050,Oblivion
5302,Without You I'm Nothing
32620,The Drowning Pool
84226,The Day
4539,Hearts of Darkness: A Filmmaker's Apocalypse
46772,"Electra, My Love"
25771,Pink Floyd: Live at Pompeii
43892,Gold Diggers of 1935
42553,The Musketeers of Pig Alley
42732,Bad Girls Go to Hell
57843,Mars
6978,Big Trouble in Little China
42725,The Wild Angels
96724,Anna Karenina
2699,Titanic
1123,Catch a Fire
83,Open Water
153652,The Mark
2567,The Aviator
4806,Runaway Bride
84154,Donald Glover: Weirdo
27064,Mishima: A Life in Four Chapters
80243,Unknown Pleasures
121245,"Bumblefuck, USA"
39824,The Sitter
85394,33 Scenes from Life
4944,Burn After Reading
7007,Rising Sun
4639,Best Seller
127,Blind Chance
70804,J'accuse!
2731,Indochine
167858,The Story of the Voyages
148380,Curry and Pepper
125874,Love & Savagery
1976,Jezebel
56171,Mega Python vs. Gatoroid
158928,The Roman Spring of Mrs. Stone
47239,Fear of Fear
27455,Foolish
4709,Holiday for Henrietta
134,"O Brother, Where Art Thou?"
8652,Dream
86233,The Other Side of the Mountain
40699,"Rock, Paper, Scissors: The Way of the Tosser"
26969,8 Dates
125409,Kiss and Tell
94480,The Lost Missile
6552,Idle Hands
150084,Mr. Blue Sky: The Story of Jeff Lynne & ELO
3086,The Lady Eve
2675,Signs
172785,Expecting
8833,Double Trouble
26761,Pursued
6106,Salvador
59138,Modulations
141,Donnie Darko
6949,"What's Up, Doc?"
97690,We Are Legion: The Story of the Hacktivists
106017,The Angry Hills
797,Persona
172443,His Picture in the Papers
47721,Sawdust and Tinsel
3118,Frankenstein 90
109843,Ill Manors
86410,The Hounds
43376,Diary of a Country Priest
53318,The Fairy King Of Ar
1257,Because I Said So
758,Murder Ahoy
8935,Parking
112931,La Soif du Monde
2176,The Glass House
111237,White Tiger
135312,Glorious Technicolor
1908,Inherit the Wind
51277,Now and Forever
4170,Trade
26479,Strapped
3036,Mary Shelley's Frankenstein
977,Tabu
26127,Joshua Tree
84496,Zig Zag
73027,Across the Bridge
114,Pretty Woman
523,Requiem
2587,"Brother Sun, Sister Moon"
141418,The Letter Writer
3124,The Evil of Frankenstein
109441,Don't Go Near the Water
46821,Blood
27172,There Was a Crooked Man...
103663,The Hunt
47342,Radioactive Dreams
101916,"Live Once, Die Twice"
158009,The Legend of the North Wind
4727,The Gendarme of St. Tropez
2002,The Last Mistress
54406,The Young Visiters
26550,Little Lips
103162,Lenny Bruce: Swear to Tell the Truth
1597,Meet the Parents
110553,Austin High
25,Jarhead
26340,Delta Force 3: The Killing Game
30698,The Five People You Meet In Heaven
844,2046
3593,Dr. Cyclops
7131,Van Helsing
49225,Age of Consent
696,Manhattan
79329,Treevenge
79838,The Flying Doctors of East Africa
8970,The Out-of-Towners
8835,Legally Blonde
6393,Taking Care of Business
39768,Beware of the Car!
108048,"Gwen, the Book of Sand"
79723,New Kids Nitro
48770,Tom & Thomas
117618,The Guest House
2608,Maid to Order
78340,Not Everybody's Lucky Enough to Have Communist Parents
347,People on Sunday
127728,8:46
2193,My Tutor
42632,Monterey Pop
26452,Hercules
117,The Untouchables
60760,Masques
52009,Norwegian Ninja
173873,Courage for Every Day
1969,Bandidas
171337,Siberian Education
6636,The Mugger
9011,The Prophecy 3: The Ascent
146712,A Fairly Odd Christmas
167502,Is the Man Who Is Tall Happy?
52088,Intoxicating
6529,Hondo
8898,The Headless Woman
5070,How Much Do You Love Me?
36264,The Deserters
25797,Miss Minoes
2164,Stargate
31083,Some Girls
141868,Fatty and Mabel Adrift
2817,Same Old Song
124277,The Maker
27769,Sometimes They Come Back
4147,Road to Perdition
159704,The Cave of the Golden Rose
5845,Aragami
4148,Revolutionary Road
1581,The Holiday
6278,Reign of Fire
42002,Anguish
2054,Mr. Holland's Opus
33558,Dog Eat Dog
698,Moonraker
47940,Padayappa
77875,Playing for Keeps
1498,Teenage Mutant Ninja Turtles
1555,The Spanish Apartment
167548,The Shutka Book of Records
63069,Bank Holiday
26865,X: The Unknown
993,Sleuth
492,Being John Malkovich
27095,Cold Showers
25868,Aladin
31923,"Welcome Home, Roxy Carmichael"
32013,Hacking Democracy
871,Planet of the Apes
2990,Pacific Heights
43177,Son of Lassie
4296,Millennium
26243,Fallen Angel
118900,"In the Meantime, Darling"
60189,Lovey-Dovey 3
8273,American Wedding
167956,Fist of Jesus
26398,At the Earth's Core
107052,Cafè Express
3093,Basic Instinct 2
84601,The Wearing of the Grin
107846,Escape Plan
39408,The Creature Walks Among Us
26569,The 7 Grandmasters
7344,Absurdistan
26180,Excess Baggage
31680,Prisoner 701: Sasori
1408,Cutthroat Island
5,Four Rooms
260,The 39 Steps
141131,The Magnificent Ruffians
65796,Wild Bill
126797,Mental
105325,How to Hook Up Your Home Theater
8383,Red Sun
2057,Original Sin
1163,The Miracle Worker
49872,Hansel & Gretel
124853,Ten Benny
62000,Johnny Belinda
7227,Airport '77
3081,The Goddess
377,A Nightmare on Elm Street
961,The General
86970,1st to Die
56599,The Man Without a Map
828,The Day the Earth Stood Still
124470,Exists
1407,La Vie en Rose
5000,Forbidden Games
33255,Stoked: The Rise And Fall Of Gator
167424,The Dead and the Living
173165,The King of Arcades
97707,Gesualdo: Death for Five Voices
1441,The Contract
176143,Behind the Rising Sun
77883,The Possession
173917,Stand Clear of the Closing Doors
308,Broken Flowers
3537,Fame
132883,Wonder Bar
163376,Luv
63617,Reap the Wild Wind
148636,The Hunchback
67900,Scooby-Doo! Legend of the Phantosaur
166231,Refugee
92670,Silence
133643,Karin Daughter of Ingmar
92352,Confession
27036,Too Late for Tears
832,M
1586,Secret Window
50658,Bella Bettien
6173,Read My Lips
158439,Lucky Partners
3632,Flash Gordon
91339,Kill Zone
1088,Whale Rider
8736,Dikkenek
159469,From This Day Forward
438,Cube Zero
67298,Lisztomania
2998,Zabriskie Point
93289,Now Where Did the Seventh Company Get to?
1987,Benny's Video
2207,16 Blocks
115348,Paranoia
26610,Insomnia
6414,Beautiful Boxer
389,12 Angry Men
144464,Electrocuting an Elephant
56474,Philanthropy
32298,Seeing Other People
8854,Steel
1379,Lights in the Dusk
1246,Rocky Balboa
132654,Les Miserables
760,The Mad Adventures of Rabbi Jacob
3075,Frankenstein Must Be Destroyed
5917,Tom Horn
8222,High Heels
186,Lucky Number Slevin
2359,Sicko
114246,Fantasma
6547,Schtonk!
32316,Marci X
59440,Warrior
89763,The Girl in Lovers Lane
27221,Where the Green Ants Dream
4173,Stromboli
132298,Dibu: La Película
707,A View to a Kill
104043,Old Enough
3090,The Treasure of the Sierra Madre
104241,Heroic Purgatory
8841,The Class
242,The Godfather: Part III
1819,"You, Me and Dupree"
79599,The Hunchback of Notre-Dame
108852,The Youngest Profession
966,The Magnificent Seven
82703,Mr. Peabody & Sherman
54241,The Extra Girl
133557,The Girl
114333,The Hunt
216,Ali: Fear Eats the Soul
32649,Sandor slash Ida
1678,Godzilla
158916,Sweetwater
2383,The Bear
59426,Zhit
6023,P.S. I Love You
93006,The Intimate Stranger
79773,Blood in the Mobile
112501,Sazen Tange and the Pot Worth a Million Ryo
5971,We're No Angels
8883,Flame & Citron
109600,Shakespeare Wallah
153196,Rosas Höllenfahrt
26028,Jimi Plays Monterey
56152,Brigham Young
72822,Olé !
78308,Blood Runs Cold
34138,Night Of The Twisters
47525,The Magic of Ordinary Days
106495,Little Big Shot
621,Grease
836,Barren Lives
56156,The Last Hurrah
117472,Dragnet Girl
3026,The Testament of Dr. Cordelier
50382,Monster in the Closet
494,Shaft in Africa
27679,D.C. Cab
92348,In the Mirror of Maya Deren
2528,Madame Bovary
5748,Good Morning... and Goodbye!
68163,The Hidden II
117340,Hello Lonesome
1116,The Wind That Shakes the Barley
2789,The Chronicles of Riddick
4942,Leatherheads
8337,They Live
4196,Lenin: The Train
54734,Small Potatoes: Who Killed the USFL?
71730,Watch the Shadows Dance
1429,25th Hour
58,Pirates of the Caribbean: Dead Man's Chest
98927,Mad Love
147360,Marianne of My Youth
117924,Somewhere Between
133575,The Velocity of Gary
55292,Shaolin
47723,In the Presence of a Clown
1391,Y Tu Mamá También
5465,The Million Game
6373,The Very Thought of You
3427,Max and the Junkmen
84090,The Citadel
1771,Captain America: The First Avenger
442,Popular Music
116760,Sextette
59895,Sudden Danger
5511,Le Samouraï
26130,Summer Time Machine Blues
65603,Nightwing
125257,Muddy River
35957,Dial 1119
150230,Kill 'em All
870,Dolls
70500,Prisoners of the Lost Universe
363,Head-On
27904,Syndromes and a Century
45928,Incognito
107999,The Bride Goes Wild
60981,My Joy
4918,The Fourth Protocol
3526,Frances
124101,Rock Hudson's Home Movies
3966,Blondie Knows Best
26689,Retroactive
139405,Across the Sea of Time
107426,Julio Begins in July
85312,Making the Boys
25894,Above Suspicion
1956,Gerry
2105,American Pie
135214,The Last Sentence
1941,Exodus
89,Indiana Jones and the Last Crusade
128215,Still Mine
38583,Separate Lies
44494,Zero for Conduct
73614,House of Usher
5937,John Rabe
4140,Blindsight
808,Shrek
53519,High and Dizzy
913,The Thomas Crown Affair
768,From Hell
61638,Don Giovanni
4927,Edge of Seventeen
43897,The Littlest Rebel
126090,Fuse
172729,An American Terror
176085,White Reindeer
26574,Dudes
1285,Torrente 3 The Protector
133369,The Conspiracy
131074,Hunted
123961,Which Way to the Front?
71995,The Passionate Thief
126136,Our Daily Bread
8988,Stop-Loss
1710,Copycat
26752,Silent Wedding
103539,Kelin
508,Love Actually
86593,Wild Bill
96574,Gerhard Richter Painting
512,Scoop
107745,Saajan
80,Before Sunset
141058,A Viking Saga: The Darkest Day
56715,Just Visiting
44773,The 7 Adventures of Sinbad
46910,The Lost Patrol
338,"Good bye, Lenin!"
109425,Blood Games
8094,The Magdalene Sisters
41889,Sorceress
168994,Army
53187,The Return of Dracula
159447,"Mommies, Happy New Year!"
5471,Beowulf & Grendel
27204,God Is Great and I'm Not
72032,Return of Sabata
5060,Carry On Screaming
1440,Little Children
7443,Chicken Run
26803,Breaking Glass
58287,Position Among the Stars
26693,Ju-on: White Ghost
4379,Monster-in-Law
52784,His and Hers
86768,5 Steps to Danger
164443,The Makeover
7442,Sleeping with the Enemy
3055,Valley of the Dolls
161070,August
3064,Chances Are
169692,The Landlords
26566,Father and Guns
2116,Out of Time
2974,The Hands of Orlac
113209,TekWar: TekLords
26393,Breaking Up
5172,The Astronaut Farmer
5203,Wild Orchid
166225,Khel
64524,Nightmare
4935,Howl's Moving Castle
111718,The Sun's Burial
5175,Rush Hour 2
86295,Treasure of the Yankee Zephyr
435,The Day After Tomorrow
78071,Successive Slidings of Pleasure
1896,Salvador (Puig Antich)
26270,Project Moon Base
1577,Resident Evil: Apocalypse
8982,The Protector
27328,The Last House on Dead End Street
2148,The Cotton Club
810,Shrek the Third
42189,Kevin Hart: Seriously Funny
27094,Lenny
163366,Spend It All
68659,The Horsemen
126219,A Hen in the Wind
86382,They Fought for Their Motherland
121135,Jonestown: Paradise Lost
3597,I Know What You Did Last Summer
4628,Enigma
5876,The Mist
630,The Wizard of Oz
87587,The Pill
2189,Tomboy
82368,Love and Larceny
1249,Hollywoodland
84312,Mosquita y Mari
124,No End
25970,I Married a Witch
8942,Wendy and Lucy
3037,Yella
100167,No Way Home
84847,Cinderella Liberty
26769,Cocaine Cowboys II: Hustlin' with the Godmother
86785,The Moment of Truth
42418,Young Black Stallion
3101,I Love You to Death
69928,The Man Who Loved Women
36405,Reverse
105246,Basic Training
6962,The Hunt for the Hidden Relic
117506,Motorway
171885,Lost Rivers
26369,Cannibal Women in the Avocado Jungle of Death
68271,Dream
4580,Je t'aime moi non plus
160588,Blue Jasmine
5652,The James Dean Story
5994,The Family Man
155096,Amen
1544,Imagine Me & You
31952,The Vampire Lovers
709,Licence to Kill
804,Roman Holiday
64522,Reel Bad Arabs: How Hollywood Vilifies a People
88067,Cover-Up
144,Wings of Desire
5998,"Dr. Mabuse, the Gambler"
453,A Beautiful Mind
158589,Six Acts
27046,The Irony of Fate. The Sequel
142358,A Night Full of Rain
4344,Hotel Very Welcome
629,The Usual Suspects
4951,10 Things I Hate About You
76121,Tight Spot
140513,Bakeneko: A Vengeful Spirit
26825,Tell Them Who You Are
104041,Mousey
140,Bad Education
27372,There Was a Father
91067,The Ditch
110415,Snowpiercer
98554,Serving Life
58492,The Greatest Movie Ever Sold
94653,Twilight of the Ice Nymphs
84567,Between Heaven and Hell
1479,"Clean, Shaven"
1567,I Stand Alone
77866,Contraband
3934,Ménage
5228,Stay Hungry
120843,Girls About Town
166076,Superman: Unbound
26946,Attack of the Crab Monsters
825,Playing by Heart
2185,Big Trouble
27717,The Phantom Planet
196,Back to the Future Part III
40226,The Era of Vampires
647,Final Fantasy VII: Advent Children
85325,Citizen's Band
8872,Wayne's World
342,Summer Storm
52462,The Pet
175457,Opus II
4285,After Five In The Forest Primeval
573,Frenzy
26560,Continental Divide
104354,The Tree of Guernica
1428,Once Upon a Time in Mexico
111332,Avatar: Creating the World of Pandora
26900,The Bandit
39305,Children of Beslan
1984,1984
91325,Looking for Lenny
175869,The Treasure
25793,Precious
127094,Apparitions
3134,Baise-moi
3082,Modern Times
781,Wintersleepers
142979,The Joy of Living
146724,Love 911
46105,American: The Bill Hicks Story
329,Jurassic Park
771,Home Alone
144560,"Right On, Man!"
47261,Carancho
8882,Gomorrah
112731,Outlaw Blues
169314,Where The Dead Go to Die
905,Pandora's Box
4258,Scary Movie 5
106222,Pizza
80596,The Magic Box
90118,A Little Bit Zombie
42710,Silent Madness
167032,Curse of Chucky
4289,Dinocroc
184,Jackie Brown
887,The Best Years of Our Lives
103972,Out of Bounds
5503,The Fugitive
54732,Silly Little Game
403,Driving Miss Daisy
55,Amores perros
42638,Queen Kelly
91181,Thirteen Women
47404,"Nick Carter, Master Detective"
164580,The Spirit of '45
72899,The Music Lovers
169798,Licks
111,Scarface
139559,Till Night Do Us Part
2334,Taxi 3
770,Gone with the Wind
174615,Return to Source: The Philosophy of The Matrix
4787,Cassandra's Dream
854,The Mask
81524,Foreign Parts
3698,"Amigo, Stay Away"
174865,Penelope
86320,Twenty Years Later
151693,Morgan
2612,Mr. Destiny
26242,Park Row
25753,Children of the Corn: Revelation
140527,Glitterbug
559,Spider-Man 3
98456,The Girl on the Stone
124527,Face the Music
128169,Sideways
58061,White Fang
173557,The Seven Year Hitch
60086,Babysitter Wanted
2566,Time to Leave
166886,"Mother, I Love You"
68865,The Amazons
2614,Innerspace
140846,Company
4578,Flesh
36576,Curse of the Pink Panther
4348,Pride & Prejudice
100257,Quartet
71520,Last Woman on Earth
31672,Violent City
89670,Body Of Water
31347,Cardcaptor Sakura: The Sealed Card
779,Vampyr
26766,Slasher
107081,I due della legione
812,Aladdin
286,Germany: A Summer's Fairytale
3144,Rock 'n' Roll Frankenstein
